id,kind,at,title,meta,body
file-motor-bench-2025,file,2025-11-03,blower_motor_bench_tests_lot4471_DO_NOT_LOSE.xlsx,Desktop/motors/,"Bench data, 40 units sampled from blower motor Lot 4471 (Ohio plant, installed across the fleet over the last 18 months). Thermal cutoff trips at 3.6 to 4.1 hours of continuous wave under summer load, versus 11+ hours for Lot 4102 and Lot 4200. Housing temp at trip: 84C. Motor restarts clean after 40 min cooling, then trips again. Conclusion in plain English: 4471 runs hot. It is the lot, not the fleet. If anyone ever proposes pulling all 11,000 tube men over this, show them column D and charge them for the coffee. Units on 4471: 1,850."
slack-4471-hot,slack,2025-11-04,#plant-floor,Gary Baszo -> #plant-floor,"ran the 4471 bench overnight. that lot runs hotter than a parade tarmac in June. the other lots are fine. write it down somewhere people look, which rules out my desk. also whoever set the test rig fan to WAVE MODE, the rig is not supposed to dance, it is supposed to science."
meeting-fleet-review-2025,meeting,2025-11-06,"Fleet Reliability Review, November","Attendees: Gary Baszo, Walt Brzezinski, Dale Withers. Transcribed by MeetingMinder.","WALT: Field reports say random units cutting out after long runs. DALE: AutoPlex will notice. Deb notices everything. GARY: It is not random. It is Lot 4471. Eighteen hundred fifty units, installed the last eighteen months, thermal cutoff on the blower. The rest of the fleet could wave through a heat dome. WALT: So a scoped swap. GARY: Scoped swap. Pull 4471, leave the rest standing. A tube man's whole job is getting back up; let us not lay off ten thousand of them for one lot's mistake. ACTION: Gary to file bench data. Status: filed, allegedly."
email-tristate-1998,email,1998-03-12,RE: RE: your overflow problem (and my overflow problem),From: marv@tristateweldinggas.com  To: gary.baszo@grandinflation.com,"Gary. Like I told Gusty over cards: our industrial helium allocation runs a structural surplus in summer, everyone welds in the fall. The contract has an assignment clause, Section 6, written by my lawyer nephew who owed me a favor. If Grand Inflation ever gets pinched, the allocation assigns to you at 1.4x list. That is not gouging, that is friendship with a service charge. Say hello to the big swan. Marv. P.S. We are gas men, Gary. Nobody understands us, and when we explain ourselves, everyone laughs at the voice."
file-helium-emergency-map,file,2014-07-22,WHERE_THE_OTHER_HELIUM_IS.doc,Desktop/helium/,"If you are reading this, the allocation got cut and everyone upstairs is breathing into a paper bag, which at least is not a helium waste. Options, in order: 1) Tri-State Welding Gas, Marv Kowalik. Assignable allocation, Section 6, 1.4x list. Summer surplus is structural: welders weld in the fall. One phone call and a signature. 2) Stadium draw is the swing capacity: dark-store rigs cut game-day helium 80 percent and nobody in section 130 can tell. 3) Suspend B2C party kit fills. Children forgive. Liquidated damages do not. 4) There is no option four. The parade flies."
meeting-helium-1996,meeting,1996-09-30,Post-mortem: the September squeeze,"Attendees: Gary Baszo, Gusty Womplerton Jr. Handwritten, digitized 2026.","GUSTY JR: We nearly missed Frostbite Falls over a helium invoice. GARY: We fly on contracts, not on hope. Get a second source with an assignment clause, keep it warm with a Christmas card every year. GUSTY JR: Who? GARY: Marv at Tri-State. He owes your father from cards and he over-ordered for fall welding season like he does every year. Helium is the one supplier relationship where, if it goes bad, everyone's voice gets funny in the meeting about it."
email-deb-2023,email,2023-05-18,"who actually signs at AutoPlex (save this, Dale)",From: gary.baszo@grandinflation.com  To: dale.withers@grandinflation.com,"Dale. The org chart says VP Marketing owns our contract. The org chart is a bedtime story. Deb Kowalski, fleet procurement, has final signature on every dollar that touches the dealerships. I know because in 2019 the VP approved the inflatable gorilla program and Deb un-approved it in one email with no adjectives. Send your uptime reports to Deb. Copy the VP if it makes him feel aerodynamic. And never promise Deb a date you got from hope instead of the ERP; that woman can smell an uninflated number through a phone line."
meeting-autoplex-2019,meeting,2019-04-11,AutoPlex QBR debrief,"Attendees: Gary Baszo, Dale Withers. Transcribed by MeetingMinder.","DALE: Gorilla program is approved, VP loved it. GARY: It is not approved. DALE: I watched him approve it. GARY: You watched him enjoy it. Deb Kowalski approves things. Watch. [Editor's note, appended 2019-04-14: Deb killed the gorilla program in one email. Gary printed the email. It is on the shop wall under the caption THE ORG CHART IS NOT LOAD-BEARING.]"
file-wind-rules,file,2009-11-20,parade_wind_rules_plain_english.txt,Desktop/parade/,"Section 11.3 of the Harvest Parade agreement, translated from lawyer: sustained 23 mph or gusts 34 mph is the line. At the line, a joint go/no-go call at 06:00 parade morning, us and parade ops together, names attached, in writing. Below the line you can still fly a modified launch: fewer balloons, low-altitude rig, more handlers per line. The balloons do not read the contract. The wind does not read the forecast. The 06:00 call is where humans earn their salary. I have flown 39 parades and scrubbed 2, and the scrubs are the ones I sleep well about."
meeting-marsh-2021,meeting,2021-11-19,Pre-parade wind briefing with Harvest Parade Partners,"Attendees: Gary Baszo, Colleen Marsh (Harvest Parade Partners). Transcribed by MeetingMinder.","COLLEEN: How do you want to run the morning call if Thursday is marginal? GARY: You bring the forecast, I bring the riggers' hands. Colleen decides with data and she decides early; do not bring her vibes at 06:00, bring her numbers at 05:45. COLLEEN: And if it is inside the envelope but trending wrong? GARY: Then we fly nine balloons low instead of sixteen balloons proud. A parade with fewer balloons is still a parade. A balloon in a power line is a career."
email-expedite-2011,email,2011-06-08,RE: the expedite button in AirWare,From: gary.baszo@grandinflation.com  To: walt.brzezinski@grandinflation.com,"Walt. The consultants added an expedite_cert button to AirWare because their spec said configurable workflow. I want it on the record: the 14-day safety certification is not a workflow, it is the reason no child has ever been hurt by our products. The button skips QA. We do not press it. We staple the reason to the wall: seam failures show up on day 9 to day 12 of soak testing. A cert you expedite is a recall you scheduled. If demand screams, we add shifts, we add Fiesta, we ship honest dates. We do not press the button. Not for a pop star. Not for anybody."
slack-cert-day9,slack,2024-08-15,#quality,Gary Baszo -> #quality,"for the new folks asking why the cert is 14 days when the test says 10: seam creep shows up day 9 to 12. the extra two days are for the seams that read the memo late. inflatables have two states, holding air and news story. the 14 days is what keeps us in state one."
slack-2019-1,slack,2019-05-08,#rigging,Gary Baszo,"tube man #4471-0221 down at Crazy Earl's again. restarted after cooling. noting a pattern, will bench it."
slack-2019-2,slack,2019-10-03,#rigging,Gary Baszo,the Frostbite Falls crates are the ones marked with the snowflake. the snowflake means something. the snowflake is not decorative.
file-fiesta-audit,file,2023-10-02,fiesta_inflables_audit_2023_PASSED.pdf.txt,Desktop/suppliers/,"Audit notes, Fiesta Inflables, Juarez. Passed our full QA audit October 2023: seam welds, valve torque, materials traceability, the whole hymnal. Capacity: up to 6,000 swan-class units a month on a capacity agreement, their line 2. Ramp time: 5 days. They run the same 14-day cert discipline; Rosa's floor is cleaner than our lobby. If Toledo ever hits its ceiling in a surge, this is the release valve, and unlike most release valves it was tested before it was needed."
file-rigger-bench,file,2026-05-30,rigger_bench_status_MY_LAST_UPDATE.txt,Desktop/riggers/,"Level IV Master Riggers as of my retirement: me (out Friday), Yolanda Cruz, Pete Duffy. Sam Okafor is 5 months from Level IV and better on knots than I was at his age; his altitude math still needs a second pair of eyes. Certification takes 18 months because the big balloons take 18 months to show you their moods. Two riggers minimum per giant balloon on parade day, per Section 7.2. After Friday the bench is three deep counting Sam's paperwork. Plan launches accordingly and do not let anyone with a clipboard say a drone can hold a line. A drone cannot feel a gust coming through its boots."
file-swan-valve,file,2024-06-14,colossal_swan_field_notes.doc,Desktop/products/,"Colossal Swan XL, field notes. Ninety percent of deflation complaints are the valve cap seated a quarter-turn shy: tell the customer to listen for the second click. The neck seam is rated to 40 percent over spec; the wing seams are not, so bulk-order customers stacking them in trucks in July heat will generate tickets, and the tickets will say defective, and the swan will be innocent. The swan is usually innocent. Check the valve first, apologize second, refund third."
email-frostbite-2015,email,2015-01-19,"Frostbite Falls: cold-rated only, I mean it",From: gary.baszo@grandinflation.com  To: operations@grandinflation.com,"Team. Frostbite Falls is in January. Standard vinyl goes brittle at those temps and a brittle balloon does not deflate, it abdicates. Cold-rated skins only, valve grease rated to minus 30, and brief the handlers that helium contracts in the cold: the balloon that looked underfilled in the hangar is correct on the street. Every January somebody tops one off indoors and then acts surprised outside. The gas laws are not company policy, but they outrank it."
slack-fax-receiving,slack,2022-02-09,#general,Gary Baszo -> #general,"the fax machine in receiving stays. two dealership groups and one county parade commission still order by fax, and the fax has never once been down for maintenance, which is more than I can say for anything else in this building that beeps. it has outlived four ERPs. show respect."
meeting-exit-interview,meeting,2026-06-20,"Gary Baszo exit interview (part 1 of 1, he said one was plenty)","Attendees: Gary Baszo, HR. Transcribed by MeetingMinder.","HR: Forty-three years. What do you want the next generation to know? GARY: Check the valve first. Get the helium in writing. The org chart is not the decision chart; the graph I gave you is. The 14 days are the product. And when the wind is marginal, the brief can be perfect but a person signs the launch. HR: Any regrets? GARY: I let go of a swan in 1987 and I still look for it on clear days. HR: Anything else? GARY: Tell them the graph knows what I know. It does not know what I would do. That part they have to earn."
email-graph-handover,email,2026-06-27,what the graph is (and is not),From: gary.baszo@grandinflation.com  To: gale.womplerton@grandinflation.com,"Gale. They finished digitizing me. The graph has every relationship I could remember, and this archive has every file, message, and meeting behind it. Between them, whoever asks a real question gets a real answer, which is more than you could reliably get from me before coffee. Two warnings. One: knowing is not deciding; do not let anyone hide a decision inside a lookup. Two: the archive contains my jokes. I have reviewed them. They hold air. Gary."
slack-helium-voice,slack,2023-06-21,#helium,Gary Baszo -> #helium,"safety refresher, summer edition: helium is lighter than air, lighter than deadlines, lighter than your excuses. it is the only inventory that files its own shrinkage report by leaving. seal the manifolds, log the draw, and stop doing the voice at the fill station, Kevin, the meeting was about you."
meeting-swansummer-capacity,meeting,2026-07-06,"Line 2 capacity, if it ever goes crazy","Attendees: Gary Baszo, Walt Brzezinski. Transcribed by MeetingMinder.","WALT: Corporate wants a surge plan on file before you leave. GARY: Line 2 does 1,200 swans a week on two shifts, 4,100 on three before people and welders get sloppy. Past that you call Fiesta, audit is current, five-day ramp. You do not touch the cert. You publish the honest date, and the honest date is the one the ERP gives you, not the one marketing dreams. WALT: And if demand goes to forty times? GARY: Then it is a good week to make joy that holds air, and a bad week to make promises that do not."
slack-2017-0,slack,2017-09-25,#helium,Gary Baszo,the Frostbite Falls crates are the ones marked with the snowflake. the snowflake means something. the snowflake is not decorative.
slack-2017-1,slack,2017-02-21,#plant-floor,Gary Baszo,"whoever labeled the regulator bin MISC BRASS, we need to talk. everything in this building is misc brass if you give up."
slack-2017-2,slack,2017-10-11,#quality,Gary Baszo,"somebody asked why we keep spare valves for a float we discontinued in 2003. because in 2019 a customer called about that float, and we fixed it, and that customer now owns 30 dealership tube men. that is why."
slack-2017-3,slack,2017-06-03,#quality,Gary Baszo,day 11 soak test caught a seam creeper on batch 2117. this is why the cert is 14 days and not a vibe.
slack-2017-4,slack,2017-03-27,#helium,Gary Baszo,the bounce house fleet comes back Monday. inspect every seam like the seam owes you money.
slack-2017-5,slack,2017-11-04,#helium,Gary Baszo,"tube man #4471-0221 down at Crazy Earl's again. restarted after cooling. noting a pattern, will bench it."
slack-2018-0,slack,2018-12-25,#helium,Gary Baszo,"if the swan inflates lopsided, you are filling the wing port first. neck first. it is in the manual, page whatever, ask the manual."
slack-2018-1,slack,2018-11-27,#rigging,Gary Baszo,the bounce house fleet comes back Monday. inspect every seam like the seam owes you money.
slack-2018-2,slack,2018-06-11,#rigging,Gary Baszo,parade knot clinic Thursday. bring gloves. the bowline does not care about your feelings but it will hold your balloon.
slack-2018-3,slack,2018-07-21,#plant-floor,Gary Baszo,"whoever labeled the regulator bin MISC BRASS, we need to talk. everything in this building is misc brass if you give up."
slack-2018-4,slack,2018-04-14,#plant-floor,Gary Baszo,day 11 soak test caught a seam creeper on batch 2117. this is why the cert is 14 days and not a vibe.
slack-2018-5,slack,2018-11-21,#plant-floor,Gary Baszo,helium delivery at 7am. do not schedule anything that requires a serious tone of voice before 9.
slack-2019-0,slack,2019-08-21,#helium,Gary Baszo,"tube man #4471-0221 down at Crazy Earl's again. restarted after cooling. noting a pattern, will bench it."
slack-2019-3,slack,2019-10-20,#quality,Gary Baszo,the Frostbite Falls crates are the ones marked with the snowflake. the snowflake means something. the snowflake is not decorative.
slack-2019-4,slack,2019-11-11,#rigging,Gary Baszo,"tube man #4471-0221 down at Crazy Earl's again. restarted after cooling. noting a pattern, will bench it."
slack-2019-5,slack,2019-03-17,#helium,Gary Baszo,"cold snap tonight. topping off outdoor units now so nobody panics at flat-looking inventory in the morning. gas laws, people."
slack-2020-0,slack,2020-01-19,#helium,Gary Baszo,quality is what the customer never finds out almost happened. carry on.
slack-2020-1,slack,2020-09-17,#helium,Gary Baszo,"tube man #4471-0221 down at Crazy Earl's again. restarted after cooling. noting a pattern, will bench it."
slack-2020-2,slack,2020-08-08,#helium,Gary Baszo,"if the swan inflates lopsided, you are filling the wing port first. neck first. it is in the manual, page whatever, ask the manual."
slack-2020-3,slack,2020-02-05,#rigging,Gary Baszo,"cold snap tonight. topping off outdoor units now so nobody panics at flat-looking inventory in the morning. gas laws, people."
slack-2020-4,slack,2020-03-27,#quality,Gary Baszo,parade knot clinic Thursday. bring gloves. the bowline does not care about your feelings but it will hold your balloon.
slack-2020-5,slack,2020-06-13,#rigging,Gary Baszo,quality is what the customer never finds out almost happened. carry on.
slack-2021-0,slack,2021-04-28,#helium,Gary Baszo,helium delivery at 7am. do not schedule anything that requires a serious tone of voice before 9.
slack-2021-1,slack,2021-09-18,#general,Gary Baszo,"found a 1994 patch kit in the rafters. glue still good. they do not make chemistry like that anymore, possibly for legal reasons."
slack-2021-2,slack,2021-03-23,#helium,Gary Baszo,"whoever labeled the regulator bin MISC BRASS, we need to talk. everything in this building is misc brass if you give up."
slack-2021-3,slack,2021-07-13,#general,Gary Baszo,quality is what the customer never finds out almost happened. carry on.
slack-2021-4,slack,2021-09-21,#helium,Gary Baszo,the bounce house fleet comes back Monday. inspect every seam like the seam owes you money.
slack-2021-5,slack,2021-11-12,#general,Gary Baszo,"cold snap tonight. topping off outdoor units now so nobody panics at flat-looking inventory in the morning. gas laws, people."
slack-2022-0,slack,2022-10-15,#rigging,Gary Baszo,"cold snap tonight. topping off outdoor units now so nobody panics at flat-looking inventory in the morning. gas laws, people."
slack-2022-1,slack,2022-12-16,#quality,Gary Baszo,"cold snap tonight. topping off outdoor units now so nobody panics at flat-looking inventory in the morning. gas laws, people."
slack-2022-2,slack,2022-11-02,#rigging,Gary Baszo,note to night shift: a tube man in a dark warehouse waving at nobody is not a ghost. it is a stuck relay. also it is a little bit a ghost.
slack-2022-3,slack,2022-06-16,#general,Gary Baszo,"somebody asked why we keep spare valves for a float we discontinued in 2003. because in 2019 a customer called about that float, and we fixed it, and that customer now owns 30 dealership tube men. that is why."
slack-2022-4,slack,2022-11-01,#plant-floor,Gary Baszo,"if the swan inflates lopsided, you are filling the wing port first. neck first. it is in the manual, page whatever, ask the manual."
slack-2022-5,slack,2022-10-14,#quality,Gary Baszo,quality is what the customer never finds out almost happened. carry on.
slack-2023-0,slack,2023-01-15,#quality,Gary Baszo,"if the swan inflates lopsided, you are filling the wing port first. neck first. it is in the manual, page whatever, ask the manual."
slack-2023-1,slack,2023-09-03,#rigging,Gary Baszo,the Frostbite Falls crates are the ones marked with the snowflake. the snowflake means something. the snowflake is not decorative.
slack-2023-2,slack,2023-06-16,#helium,Gary Baszo,"whoever labeled the regulator bin MISC BRASS, we need to talk. everything in this building is misc brass if you give up."
slack-2023-3,slack,2023-07-16,#plant-floor,Gary Baszo,note to night shift: a tube man in a dark warehouse waving at nobody is not a ghost. it is a stuck relay. also it is a little bit a ghost.
slack-2023-4,slack,2023-04-04,#general,Gary Baszo,the bounce house fleet comes back Monday. inspect every seam like the seam owes you money.
slack-2023-5,slack,2023-11-12,#plant-floor,Gary Baszo,"cold snap tonight. topping off outdoor units now so nobody panics at flat-looking inventory in the morning. gas laws, people."
slack-2024-0,slack,2024-03-11,#rigging,Gary Baszo,"somebody asked why we keep spare valves for a float we discontinued in 2003. because in 2019 a customer called about that float, and we fixed it, and that customer now owns 30 dealership tube men. that is why."
slack-2024-1,slack,2024-11-16,#quality,Gary Baszo,"tube man #4471-0221 down at Crazy Earl's again. restarted after cooling. noting a pattern, will bench it."
slack-2024-2,slack,2024-06-24,#quality,Gary Baszo,the Frostbite Falls crates are the ones marked with the snowflake. the snowflake means something. the snowflake is not decorative.
slack-2024-3,slack,2024-02-14,#helium,Gary Baszo,helium delivery at 7am. do not schedule anything that requires a serious tone of voice before 9.
slack-2024-4,slack,2024-07-11,#general,Gary Baszo,note to night shift: a tube man in a dark warehouse waving at nobody is not a ghost. it is a stuck relay. also it is a little bit a ghost.
slack-2024-5,slack,2024-02-12,#plant-floor,Gary Baszo,"if the swan inflates lopsided, you are filling the wing port first. neck first. it is in the manual, page whatever, ask the manual."
slack-2025-0,slack,2025-07-28,#helium,Gary Baszo,"found a 1994 patch kit in the rafters. glue still good. they do not make chemistry like that anymore, possibly for legal reasons."
slack-2025-1,slack,2025-11-06,#general,Gary Baszo,day 11 soak test caught a seam creeper on batch 2117. this is why the cert is 14 days and not a vibe.
slack-2025-2,slack,2025-08-12,#general,Gary Baszo,"somebody asked why we keep spare valves for a float we discontinued in 2003. because in 2019 a customer called about that float, and we fixed it, and that customer now owns 30 dealership tube men. that is why."
slack-2025-3,slack,2025-05-18,#rigging,Gary Baszo,quality is what the customer never finds out almost happened. carry on.
slack-2025-4,slack,2025-02-06,#helium,Gary Baszo,"tube man #4471-0221 down at Crazy Earl's again. restarted after cooling. noting a pattern, will bench it."
slack-2025-5,slack,2025-05-01,#quality,Gary Baszo,parade knot clinic Thursday. bring gloves. the bowline does not care about your feelings but it will hold your balloon.
slack-2026-0,slack,2026-09-19,#helium,Gary Baszo,helium delivery at 7am. do not schedule anything that requires a serious tone of voice before 9.
slack-2026-1,slack,2026-12-14,#general,Gary Baszo,reminder: the compressor room is not a break room. it is 9000 psi of not your lunch spot.
slack-2026-2,slack,2026-11-12,#quality,Gary Baszo,reminder: the compressor room is not a break room. it is 9000 psi of not your lunch spot.
slack-2026-3,slack,2026-04-22,#helium,Gary Baszo,reminder: the compressor room is not a break room. it is 9000 psi of not your lunch spot.
slack-2026-4,slack,2026-03-25,#rigging,Gary Baszo,parade knot clinic Thursday. bring gloves. the bowline does not care about your feelings but it will hold your balloon.
slack-2026-5,slack,2026-04-06,#plant-floor,Gary Baszo,day 11 soak test caught a seam creeper on batch 2117. this is why the cert is 14 days and not a vibe.
email-1995-0,email,1995-01-18,parade rigging prep (1995),From: gary.baszo@grandinflation.com  To: operations@grandinflation.com,"Line inspection complete. Handler roster drafted, two riggers per giant balloon per 7.2. Weather watch begins ten days out, because the forecast is a rumor until it is a measurement."
email-1995-1,email,1995-02-02,fleet maintenance summary (1995),From: gary.baszo@grandinflation.com  To: operations@grandinflation.com,"Routine swaps completed across the dealership fleet. Uptime steady at 99.6 percent. The waving continues, wackily, as contracted."
email-1995-2,email,1995-12-16,float club QA follow-up (1995),From: gary.baszo@grandinflation.com  To: operations@grandinflation.com,"Member-reported deflation traced to valve caps in 9 of 10 cases. Second click, people. Drafted a one-line insert for the box: LISTEN FOR THE SECOND CLICK. Marketing wants it friendlier. It is a valve, not a greeting card."
email-1996-0,email,1996-03-23,weekly helium reconciliation (1996),From: gary.baszo@grandinflation.com  To: operations@grandinflation.com,"Ledger reconciled to the pound. Draw within contract. The stadiums pulled their usual game-day share; the kits line is steady. Balance notes attached. The gas is accounted for, which is the only kind of gas story worth reading."
email-1996-1,email,1996-08-28,parade rigging prep (1996),From: gary.baszo@grandinflation.com  To: operations@grandinflation.com,"Line inspection complete. Handler roster drafted, two riggers per giant balloon per 7.2. Weather watch begins ten days out, because the forecast is a rumor until it is a measurement."
email-1996-2,email,1996-02-05,batch certification status (1996),From: gary.baszo@grandinflation.com  To: operations@grandinflation.com,"All batches in soak within schedule. Nothing expedited, nothing ever expedited, see policy, see wall, see me if the wall is unclear. Day-9 checks clean this week."
email-1997-0,email,1997-02-26,batch certification status (1997),From: gary.baszo@grandinflation.com  To: operations@grandinflation.com,"All batches in soak within schedule. Nothing expedited, nothing ever expedited, see policy, see wall, see me if the wall is unclear. Day-9 checks clean this week."
email-1997-1,email,1997-08-02,weekly helium reconciliation (1997),From: gary.baszo@grandinflation.com  To: operations@grandinflation.com,"Ledger reconciled to the pound. Draw within contract. The stadiums pulled their usual game-day share; the kits line is steady. Balance notes attached. The gas is accounted for, which is the only kind of gas story worth reading."
email-1997-2,email,1997-04-05,batch certification status (1997),From: gary.baszo@grandinflation.com  To: operations@grandinflation.com,"All batches in soak within schedule. Nothing expedited, nothing ever expedited, see policy, see wall, see me if the wall is unclear. Day-9 checks clean this week."
email-1998-0,email,1998-04-10,weekly helium reconciliation (1998),From: gary.baszo@grandinflation.com  To: operations@grandinflation.com,"Ledger reconciled to the pound. Draw within contract. The stadiums pulled their usual game-day share; the kits line is steady. Balance notes attached. The gas is accounted for, which is the only kind of gas story worth reading."
email-1998-1,email,1998-05-26,batch certification status (1998),From: gary.baszo@grandinflation.com  To: operations@grandinflation.com,"All batches in soak within schedule. Nothing expedited, nothing ever expedited, see policy, see wall, see me if the wall is unclear. Day-9 checks clean this week."
email-1998-2,email,1998-07-14,weekly helium reconciliation (1998),From: gary.baszo@grandinflation.com  To: operations@grandinflation.com,"Ledger reconciled to the pound. Draw within contract. The stadiums pulled their usual game-day share; the kits line is steady. Balance notes attached. The gas is accounted for, which is the only kind of gas story worth reading."
email-1999-0,email,1999-05-06,batch certification status (1999),From: gary.baszo@grandinflation.com  To: operations@grandinflation.com,"All batches in soak within schedule. Nothing expedited, nothing ever expedited, see policy, see wall, see me if the wall is unclear. Day-9 checks clean this week."
email-1999-1,email,1999-05-10,float club QA follow-up (1999),From: gary.baszo@grandinflation.com  To: operations@grandinflation.com,"Member-reported deflation traced to valve caps in 9 of 10 cases. Second click, people. Drafted a one-line insert for the box: LISTEN FOR THE SECOND CLICK. Marketing wants it friendlier. It is a valve, not a greeting card."
email-1999-2,email,1999-04-26,fleet maintenance summary (1999),From: gary.baszo@grandinflation.com  To: operations@grandinflation.com,"Routine swaps completed across the dealership fleet. Uptime steady at 99.6 percent. The waving continues, wackily, as contracted."
email-2000-0,email,2000-09-09,parade rigging prep (2000),From: gary.baszo@grandinflation.com  To: operations@grandinflation.com,"Line inspection complete. Handler roster drafted, two riggers per giant balloon per 7.2. Weather watch begins ten days out, because the forecast is a rumor until it is a measurement."
email-2000-1,email,2000-12-13,stadium rig notes (2000),From: gary.baszo@grandinflation.com  To: operations@grandinflation.com,"Game-day draw logged. Dark-store rig tested at the Furnaces: 80 percent helium reduction, zero fan complaints, one mascot slightly less majestic but within tolerance."
email-2000-2,email,2000-08-04,batch certification status (2000),From: gary.baszo@grandinflation.com  To: operations@grandinflation.com,"All batches in soak within schedule. Nothing expedited, nothing ever expedited, see policy, see wall, see me if the wall is unclear. Day-9 checks clean this week."
email-2001-0,email,2001-07-18,weekly helium reconciliation (2001),From: gary.baszo@grandinflation.com  To: operations@grandinflation.com,"Ledger reconciled to the pound. Draw within contract. The stadiums pulled their usual game-day share; the kits line is steady. Balance notes attached. The gas is accounted for, which is the only kind of gas story worth reading."
file-2008-4,file,2008-10-23,swan_seam_notes_v4_FINAL(2).doc,Desktop/,"Seam torque and weld notes, Colossal Swan line. Wing seams rated lower than neck; bulk shipping guidance attached. The swan is usually innocent."
email-2001-1,email,2001-08-12,weekly helium reconciliation (2001),From: gary.baszo@grandinflation.com  To: operations@grandinflation.com,"Ledger reconciled to the pound. Draw within contract. The stadiums pulled their usual game-day share; the kits line is steady. Balance notes attached. The gas is accounted for, which is the only kind of gas story worth reading."
email-2001-2,email,2001-12-12,batch certification status (2001),From: gary.baszo@grandinflation.com  To: operations@grandinflation.com,"All batches in soak within schedule. Nothing expedited, nothing ever expedited, see policy, see wall, see me if the wall is unclear. Day-9 checks clean this week."
email-2002-0,email,2002-03-05,stadium rig notes (2002),From: gary.baszo@grandinflation.com  To: operations@grandinflation.com,"Game-day draw logged. Dark-store rig tested at the Furnaces: 80 percent helium reduction, zero fan complaints, one mascot slightly less majestic but within tolerance."
email-2002-1,email,2002-11-06,parade rigging prep (2002),From: gary.baszo@grandinflation.com  To: operations@grandinflation.com,"Line inspection complete. Handler roster drafted, two riggers per giant balloon per 7.2. Weather watch begins ten days out, because the forecast is a rumor until it is a measurement."
email-2002-2,email,2002-09-10,stadium rig notes (2002),From: gary.baszo@grandinflation.com  To: operations@grandinflation.com,"Game-day draw logged. Dark-store rig tested at the Furnaces: 80 percent helium reduction, zero fan complaints, one mascot slightly less majestic but within tolerance."
email-2003-0,email,2003-02-27,batch certification status (2003),From: gary.baszo@grandinflation.com  To: operations@grandinflation.com,"All batches in soak within schedule. Nothing expedited, nothing ever expedited, see policy, see wall, see me if the wall is unclear. Day-9 checks clean this week."
email-2003-1,email,2003-11-01,batch certification status (2003),From: gary.baszo@grandinflation.com  To: operations@grandinflation.com,"All batches in soak within schedule. Nothing expedited, nothing ever expedited, see policy, see wall, see me if the wall is unclear. Day-9 checks clean this week."
email-2003-2,email,2003-01-16,batch certification status (2003),From: gary.baszo@grandinflation.com  To: operations@grandinflation.com,"All batches in soak within schedule. Nothing expedited, nothing ever expedited, see policy, see wall, see me if the wall is unclear. Day-9 checks clean this week."
email-2004-0,email,2004-08-22,parade rigging prep (2004),From: gary.baszo@grandinflation.com  To: operations@grandinflation.com,"Line inspection complete. Handler roster drafted, two riggers per giant balloon per 7.2. Weather watch begins ten days out, because the forecast is a rumor until it is a measurement."
email-2004-1,email,2004-04-13,weekly helium reconciliation (2004),From: gary.baszo@grandinflation.com  To: operations@grandinflation.com,"Ledger reconciled to the pound. Draw within contract. The stadiums pulled their usual game-day share; the kits line is steady. Balance notes attached. The gas is accounted for, which is the only kind of gas story worth reading."
email-2004-2,email,2004-10-11,fleet maintenance summary (2004),From: gary.baszo@grandinflation.com  To: operations@grandinflation.com,"Routine swaps completed across the dealership fleet. Uptime steady at 99.6 percent. The waving continues, wackily, as contracted."
email-2005-0,email,2005-10-10,batch certification status (2005),From: gary.baszo@grandinflation.com  To: operations@grandinflation.com,"All batches in soak within schedule. Nothing expedited, nothing ever expedited, see policy, see wall, see me if the wall is unclear. Day-9 checks clean this week."
email-2005-1,email,2005-11-18,fleet maintenance summary (2005),From: gary.baszo@grandinflation.com  To: operations@grandinflation.com,"Routine swaps completed across the dealership fleet. Uptime steady at 99.6 percent. The waving continues, wackily, as contracted."
email-2005-2,email,2005-02-22,fleet maintenance summary (2005),From: gary.baszo@grandinflation.com  To: operations@grandinflation.com,"Routine swaps completed across the dealership fleet. Uptime steady at 99.6 percent. The waving continues, wackily, as contracted."
email-2006-0,email,2006-09-09,weekly helium reconciliation (2006),From: gary.baszo@grandinflation.com  To: operations@grandinflation.com,"Ledger reconciled to the pound. Draw within contract. The stadiums pulled their usual game-day share; the kits line is steady. Balance notes attached. The gas is accounted for, which is the only kind of gas story worth reading."
email-2006-1,email,2006-01-08,weekly helium reconciliation (2006),From: gary.baszo@grandinflation.com  To: operations@grandinflation.com,"Ledger reconciled to the pound. Draw within contract. The stadiums pulled their usual game-day share; the kits line is steady. Balance notes attached. The gas is accounted for, which is the only kind of gas story worth reading."
email-2006-2,email,2006-02-20,fleet maintenance summary (2006),From: gary.baszo@grandinflation.com  To: operations@grandinflation.com,"Routine swaps completed across the dealership fleet. Uptime steady at 99.6 percent. The waving continues, wackily, as contracted."
email-2007-0,email,2007-04-21,weekly helium reconciliation (2007),From: gary.baszo@grandinflation.com  To: operations@grandinflation.com,"Ledger reconciled to the pound. Draw within contract. The stadiums pulled their usual game-day share; the kits line is steady. Balance notes attached. The gas is accounted for, which is the only kind of gas story worth reading."
email-2007-1,email,2007-07-14,float club QA follow-up (2007),From: gary.baszo@grandinflation.com  To: operations@grandinflation.com,"Member-reported deflation traced to valve caps in 9 of 10 cases. Second click, people. Drafted a one-line insert for the box: LISTEN FOR THE SECOND CLICK. Marketing wants it friendlier. It is a valve, not a greeting card."
email-2007-2,email,2007-03-12,batch certification status (2007),From: gary.baszo@grandinflation.com  To: operations@grandinflation.com,"All batches in soak within schedule. Nothing expedited, nothing ever expedited, see policy, see wall, see me if the wall is unclear. Day-9 checks clean this week."
email-2008-0,email,2008-07-03,batch certification status (2008),From: gary.baszo@grandinflation.com  To: operations@grandinflation.com,"All batches in soak within schedule. Nothing expedited, nothing ever expedited, see policy, see wall, see me if the wall is unclear. Day-9 checks clean this week."
email-2008-1,email,2008-05-14,fleet maintenance summary (2008),From: gary.baszo@grandinflation.com  To: operations@grandinflation.com,"Routine swaps completed across the dealership fleet. Uptime steady at 99.6 percent. The waving continues, wackily, as contracted."
email-2008-2,email,2008-07-06,weekly helium reconciliation (2008),From: gary.baszo@grandinflation.com  To: operations@grandinflation.com,"Ledger reconciled to the pound. Draw within contract. The stadiums pulled their usual game-day share; the kits line is steady. Balance notes attached. The gas is accounted for, which is the only kind of gas story worth reading."
email-2009-0,email,2009-02-16,parade rigging prep (2009),From: gary.baszo@grandinflation.com  To: operations@grandinflation.com,"Line inspection complete. Handler roster drafted, two riggers per giant balloon per 7.2. Weather watch begins ten days out, because the forecast is a rumor until it is a measurement."
email-2009-1,email,2009-09-25,batch certification status (2009),From: gary.baszo@grandinflation.com  To: operations@grandinflation.com,"All batches in soak within schedule. Nothing expedited, nothing ever expedited, see policy, see wall, see me if the wall is unclear. Day-9 checks clean this week."
email-2009-2,email,2009-08-09,float club QA follow-up (2009),From: gary.baszo@grandinflation.com  To: operations@grandinflation.com,"Member-reported deflation traced to valve caps in 9 of 10 cases. Second click, people. Drafted a one-line insert for the box: LISTEN FOR THE SECOND CLICK. Marketing wants it friendlier. It is a valve, not a greeting card."
email-2010-0,email,2010-09-27,fleet maintenance summary (2010),From: gary.baszo@grandinflation.com  To: operations@grandinflation.com,"Routine swaps completed across the dealership fleet. Uptime steady at 99.6 percent. The waving continues, wackily, as contracted."
email-2010-1,email,2010-10-16,batch certification status (2010),From: gary.baszo@grandinflation.com  To: operations@grandinflation.com,"All batches in soak within schedule. Nothing expedited, nothing ever expedited, see policy, see wall, see me if the wall is unclear. Day-9 checks clean this week."
email-2010-2,email,2010-02-04,fleet maintenance summary (2010),From: gary.baszo@grandinflation.com  To: operations@grandinflation.com,"Routine swaps completed across the dealership fleet. Uptime steady at 99.6 percent. The waving continues, wackily, as contracted."
email-2011-0,email,2011-06-15,parade rigging prep (2011),From: gary.baszo@grandinflation.com  To: operations@grandinflation.com,"Line inspection complete. Handler roster drafted, two riggers per giant balloon per 7.2. Weather watch begins ten days out, because the forecast is a rumor until it is a measurement."
email-2011-1,email,2011-03-13,parade rigging prep (2011),From: gary.baszo@grandinflation.com  To: operations@grandinflation.com,"Line inspection complete. Handler roster drafted, two riggers per giant balloon per 7.2. Weather watch begins ten days out, because the forecast is a rumor until it is a measurement."
email-2011-2,email,2011-09-06,parade rigging prep (2011),From: gary.baszo@grandinflation.com  To: operations@grandinflation.com,"Line inspection complete. Handler roster drafted, two riggers per giant balloon per 7.2. Weather watch begins ten days out, because the forecast is a rumor until it is a measurement."
email-2012-0,email,2012-12-18,weekly helium reconciliation (2012),From: gary.baszo@grandinflation.com  To: operations@grandinflation.com,"Ledger reconciled to the pound. Draw within contract. The stadiums pulled their usual game-day share; the kits line is steady. Balance notes attached. The gas is accounted for, which is the only kind of gas story worth reading."
email-2012-1,email,2012-12-19,fleet maintenance summary (2012),From: gary.baszo@grandinflation.com  To: operations@grandinflation.com,"Routine swaps completed across the dealership fleet. Uptime steady at 99.6 percent. The waving continues, wackily, as contracted."
email-2012-2,email,2012-10-27,float club QA follow-up (2012),From: gary.baszo@grandinflation.com  To: operations@grandinflation.com,"Member-reported deflation traced to valve caps in 9 of 10 cases. Second click, people. Drafted a one-line insert for the box: LISTEN FOR THE SECOND CLICK. Marketing wants it friendlier. It is a valve, not a greeting card."
email-2013-0,email,2013-10-23,weekly helium reconciliation (2013),From: gary.baszo@grandinflation.com  To: operations@grandinflation.com,"Ledger reconciled to the pound. Draw within contract. The stadiums pulled their usual game-day share; the kits line is steady. Balance notes attached. The gas is accounted for, which is the only kind of gas story worth reading."
email-2013-1,email,2013-09-01,batch certification status (2013),From: gary.baszo@grandinflation.com  To: operations@grandinflation.com,"All batches in soak within schedule. Nothing expedited, nothing ever expedited, see policy, see wall, see me if the wall is unclear. Day-9 checks clean this week."
email-2013-2,email,2013-01-10,fleet maintenance summary (2013),From: gary.baszo@grandinflation.com  To: operations@grandinflation.com,"Routine swaps completed across the dealership fleet. Uptime steady at 99.6 percent. The waving continues, wackily, as contracted."
email-2014-0,email,2014-06-06,fleet maintenance summary (2014),From: gary.baszo@grandinflation.com  To: operations@grandinflation.com,"Routine swaps completed across the dealership fleet. Uptime steady at 99.6 percent. The waving continues, wackily, as contracted."
email-2014-1,email,2014-12-04,fleet maintenance summary (2014),From: gary.baszo@grandinflation.com  To: operations@grandinflation.com,"Routine swaps completed across the dealership fleet. Uptime steady at 99.6 percent. The waving continues, wackily, as contracted."
email-2014-2,email,2014-08-02,weekly helium reconciliation (2014),From: gary.baszo@grandinflation.com  To: operations@grandinflation.com,"Ledger reconciled to the pound. Draw within contract. The stadiums pulled their usual game-day share; the kits line is steady. Balance notes attached. The gas is accounted for, which is the only kind of gas story worth reading."
email-2015-0,email,2015-08-21,parade rigging prep (2015),From: gary.baszo@grandinflation.com  To: operations@grandinflation.com,"Line inspection complete. Handler roster drafted, two riggers per giant balloon per 7.2. Weather watch begins ten days out, because the forecast is a rumor until it is a measurement."
email-2015-1,email,2015-04-07,parade rigging prep (2015),From: gary.baszo@grandinflation.com  To: operations@grandinflation.com,"Line inspection complete. Handler roster drafted, two riggers per giant balloon per 7.2. Weather watch begins ten days out, because the forecast is a rumor until it is a measurement."
email-2015-2,email,2015-02-01,weekly helium reconciliation (2015),From: gary.baszo@grandinflation.com  To: operations@grandinflation.com,"Ledger reconciled to the pound. Draw within contract. The stadiums pulled their usual game-day share; the kits line is steady. Balance notes attached. The gas is accounted for, which is the only kind of gas story worth reading."
email-2016-0,email,2016-01-04,weekly helium reconciliation (2016),From: gary.baszo@grandinflation.com  To: operations@grandinflation.com,"Ledger reconciled to the pound. Draw within contract. The stadiums pulled their usual game-day share; the kits line is steady. Balance notes attached. The gas is accounted for, which is the only kind of gas story worth reading."
email-2016-1,email,2016-02-16,weekly helium reconciliation (2016),From: gary.baszo@grandinflation.com  To: operations@grandinflation.com,"Ledger reconciled to the pound. Draw within contract. The stadiums pulled their usual game-day share; the kits line is steady. Balance notes attached. The gas is accounted for, which is the only kind of gas story worth reading."
email-2016-2,email,2016-05-10,batch certification status (2016),From: gary.baszo@grandinflation.com  To: operations@grandinflation.com,"All batches in soak within schedule. Nothing expedited, nothing ever expedited, see policy, see wall, see me if the wall is unclear. Day-9 checks clean this week."
email-2017-0,email,2017-04-25,fleet maintenance summary (2017),From: gary.baszo@grandinflation.com  To: operations@grandinflation.com,"Routine swaps completed across the dealership fleet. Uptime steady at 99.6 percent. The waving continues, wackily, as contracted."
email-2017-1,email,2017-06-11,fleet maintenance summary (2017),From: gary.baszo@grandinflation.com  To: operations@grandinflation.com,"Routine swaps completed across the dealership fleet. Uptime steady at 99.6 percent. The waving continues, wackily, as contracted."
email-2017-2,email,2017-09-23,fleet maintenance summary (2017),From: gary.baszo@grandinflation.com  To: operations@grandinflation.com,"Routine swaps completed across the dealership fleet. Uptime steady at 99.6 percent. The waving continues, wackily, as contracted."
email-2018-0,email,2018-09-10,weekly helium reconciliation (2018),From: gary.baszo@grandinflation.com  To: operations@grandinflation.com,"Ledger reconciled to the pound. Draw within contract. The stadiums pulled their usual game-day share; the kits line is steady. Balance notes attached. The gas is accounted for, which is the only kind of gas story worth reading."
email-2018-1,email,2018-02-27,fleet maintenance summary (2018),From: gary.baszo@grandinflation.com  To: operations@grandinflation.com,"Routine swaps completed across the dealership fleet. Uptime steady at 99.6 percent. The waving continues, wackily, as contracted."
email-2018-2,email,2018-12-15,float club QA follow-up (2018),From: gary.baszo@grandinflation.com  To: operations@grandinflation.com,"Member-reported deflation traced to valve caps in 9 of 10 cases. Second click, people. Drafted a one-line insert for the box: LISTEN FOR THE SECOND CLICK. Marketing wants it friendlier. It is a valve, not a greeting card."
email-2019-0,email,2019-04-22,parade rigging prep (2019),From: gary.baszo@grandinflation.com  To: operations@grandinflation.com,"Line inspection complete. Handler roster drafted, two riggers per giant balloon per 7.2. Weather watch begins ten days out, because the forecast is a rumor until it is a measurement."
email-2019-1,email,2019-11-07,float club QA follow-up (2019),From: gary.baszo@grandinflation.com  To: operations@grandinflation.com,"Member-reported deflation traced to valve caps in 9 of 10 cases. Second click, people. Drafted a one-line insert for the box: LISTEN FOR THE SECOND CLICK. Marketing wants it friendlier. It is a valve, not a greeting card."
email-2019-2,email,2019-12-08,fleet maintenance summary (2019),From: gary.baszo@grandinflation.com  To: operations@grandinflation.com,"Routine swaps completed across the dealership fleet. Uptime steady at 99.6 percent. The waving continues, wackily, as contracted."
email-2020-0,email,2020-03-02,weekly helium reconciliation (2020),From: gary.baszo@grandinflation.com  To: operations@grandinflation.com,"Ledger reconciled to the pound. Draw within contract. The stadiums pulled their usual game-day share; the kits line is steady. Balance notes attached. The gas is accounted for, which is the only kind of gas story worth reading."
email-2020-1,email,2020-09-07,batch certification status (2020),From: gary.baszo@grandinflation.com  To: operations@grandinflation.com,"All batches in soak within schedule. Nothing expedited, nothing ever expedited, see policy, see wall, see me if the wall is unclear. Day-9 checks clean this week."
email-2020-2,email,2020-12-16,float club QA follow-up (2020),From: gary.baszo@grandinflation.com  To: operations@grandinflation.com,"Member-reported deflation traced to valve caps in 9 of 10 cases. Second click, people. Drafted a one-line insert for the box: LISTEN FOR THE SECOND CLICK. Marketing wants it friendlier. It is a valve, not a greeting card."
email-2021-0,email,2021-01-27,stadium rig notes (2021),From: gary.baszo@grandinflation.com  To: operations@grandinflation.com,"Game-day draw logged. Dark-store rig tested at the Furnaces: 80 percent helium reduction, zero fan complaints, one mascot slightly less majestic but within tolerance."
email-2021-1,email,2021-04-23,fleet maintenance summary (2021),From: gary.baszo@grandinflation.com  To: operations@grandinflation.com,"Routine swaps completed across the dealership fleet. Uptime steady at 99.6 percent. The waving continues, wackily, as contracted."
email-2021-2,email,2021-01-04,parade rigging prep (2021),From: gary.baszo@grandinflation.com  To: operations@grandinflation.com,"Line inspection complete. Handler roster drafted, two riggers per giant balloon per 7.2. Weather watch begins ten days out, because the forecast is a rumor until it is a measurement."
email-2022-0,email,2022-05-03,weekly helium reconciliation (2022),From: gary.baszo@grandinflation.com  To: operations@grandinflation.com,"Ledger reconciled to the pound. Draw within contract. The stadiums pulled their usual game-day share; the kits line is steady. Balance notes attached. The gas is accounted for, which is the only kind of gas story worth reading."
email-2022-1,email,2022-09-09,stadium rig notes (2022),From: gary.baszo@grandinflation.com  To: operations@grandinflation.com,"Game-day draw logged. Dark-store rig tested at the Furnaces: 80 percent helium reduction, zero fan complaints, one mascot slightly less majestic but within tolerance."
email-2022-2,email,2022-06-20,fleet maintenance summary (2022),From: gary.baszo@grandinflation.com  To: operations@grandinflation.com,"Routine swaps completed across the dealership fleet. Uptime steady at 99.6 percent. The waving continues, wackily, as contracted."
email-2023-0,email,2023-04-03,weekly helium reconciliation (2023),From: gary.baszo@grandinflation.com  To: operations@grandinflation.com,"Ledger reconciled to the pound. Draw within contract. The stadiums pulled their usual game-day share; the kits line is steady. Balance notes attached. The gas is accounted for, which is the only kind of gas story worth reading."
email-2023-1,email,2023-02-17,batch certification status (2023),From: gary.baszo@grandinflation.com  To: operations@grandinflation.com,"All batches in soak within schedule. Nothing expedited, nothing ever expedited, see policy, see wall, see me if the wall is unclear. Day-9 checks clean this week."
email-2023-2,email,2023-08-18,weekly helium reconciliation (2023),From: gary.baszo@grandinflation.com  To: operations@grandinflation.com,"Ledger reconciled to the pound. Draw within contract. The stadiums pulled their usual game-day share; the kits line is steady. Balance notes attached. The gas is accounted for, which is the only kind of gas story worth reading."
email-2024-0,email,2024-10-10,parade rigging prep (2024),From: gary.baszo@grandinflation.com  To: operations@grandinflation.com,"Line inspection complete. Handler roster drafted, two riggers per giant balloon per 7.2. Weather watch begins ten days out, because the forecast is a rumor until it is a measurement."
email-2024-1,email,2024-01-13,fleet maintenance summary (2024),From: gary.baszo@grandinflation.com  To: operations@grandinflation.com,"Routine swaps completed across the dealership fleet. Uptime steady at 99.6 percent. The waving continues, wackily, as contracted."
email-2024-2,email,2024-11-18,weekly helium reconciliation (2024),From: gary.baszo@grandinflation.com  To: operations@grandinflation.com,"Ledger reconciled to the pound. Draw within contract. The stadiums pulled their usual game-day share; the kits line is steady. Balance notes attached. The gas is accounted for, which is the only kind of gas story worth reading."
email-2025-0,email,2025-03-26,weekly helium reconciliation (2025),From: gary.baszo@grandinflation.com  To: operations@grandinflation.com,"Ledger reconciled to the pound. Draw within contract. The stadiums pulled their usual game-day share; the kits line is steady. Balance notes attached. The gas is accounted for, which is the only kind of gas story worth reading."
email-2025-1,email,2025-01-27,float club QA follow-up (2025),From: gary.baszo@grandinflation.com  To: operations@grandinflation.com,"Member-reported deflation traced to valve caps in 9 of 10 cases. Second click, people. Drafted a one-line insert for the box: LISTEN FOR THE SECOND CLICK. Marketing wants it friendlier. It is a valve, not a greeting card."
email-2025-2,email,2025-06-27,stadium rig notes (2025),From: gary.baszo@grandinflation.com  To: operations@grandinflation.com,"Game-day draw logged. Dark-store rig tested at the Furnaces: 80 percent helium reduction, zero fan complaints, one mascot slightly less majestic but within tolerance."
email-2026-0,email,2026-11-06,batch certification status (2026),From: gary.baszo@grandinflation.com  To: operations@grandinflation.com,"All batches in soak within schedule. Nothing expedited, nothing ever expedited, see policy, see wall, see me if the wall is unclear. Day-9 checks clean this week."
email-2026-1,email,2026-01-18,float club QA follow-up (2026),From: gary.baszo@grandinflation.com  To: operations@grandinflation.com,"Member-reported deflation traced to valve caps in 9 of 10 cases. Second click, people. Drafted a one-line insert for the box: LISTEN FOR THE SECOND CLICK. Marketing wants it friendlier. It is a valve, not a greeting card."
email-2026-2,email,2026-06-03,float club QA follow-up (2026),From: gary.baszo@grandinflation.com  To: operations@grandinflation.com,"Member-reported deflation traced to valve caps in 9 of 10 cases. Second click, people. Drafted a one-line insert for the box: LISTEN FOR THE SECOND CLICK. Marketing wants it friendlier. It is a valve, not a greeting card."
meeting-2019-0,meeting,2019-08-14,"Parade Planning, 2019",Attendees: Gary Baszo et al. Transcribed by MeetingMinder.,Route confirmed. Balloon lineup drafted. Gary walked the new handlers through gust protocol: the line talks to your hands before the anemometer talks to your eyes. Two rigger minimum restated. Snacks were inflated; morale also.
meeting-2019-1,meeting,2019-05-17,"Weekly Ops Sync, 2019",Attendees: Gary Baszo et al. Transcribed by MeetingMinder.,"Queue normal. Line 1 and 2 on schedule. Helium ledger reviewed; no surprises, which in helium is the whole goal. Gary reminded the room that inventory that floats is inventory that leaves, and asked for the manifold logs by Friday."
meeting-2019-2,meeting,2019-01-07,"Parade Planning, 2019",Attendees: Gary Baszo et al. Transcribed by MeetingMinder.,Route confirmed. Balloon lineup drafted. Gary walked the new handlers through gust protocol: the line talks to your hands before the anemometer talks to your eyes. Two rigger minimum restated. Snacks were inflated; morale also.
meeting-2019-3,meeting,2019-07-07,"Quality Circle, 2019",Attendees: Gary Baszo et al. Transcribed by MeetingMinder.,"Soak-test results reviewed. Day 9-12 window flagged two seams, both caught, both boring, exactly as designed. Gary: a boring quality meeting is the product working."
meeting-2019-4,meeting,2019-08-05,"Quality Circle, 2019",Attendees: Gary Baszo et al. Transcribed by MeetingMinder.,"Soak-test results reviewed. Day 9-12 window flagged two seams, both caught, both boring, exactly as designed. Gary: a boring quality meeting is the product working."
meeting-2020-0,meeting,2020-07-17,"Quality Circle, 2020",Attendees: Gary Baszo et al. Transcribed by MeetingMinder.,"Soak-test results reviewed. Day 9-12 window flagged two seams, both caught, both boring, exactly as designed. Gary: a boring quality meeting is the product working."
meeting-2020-1,meeting,2020-10-25,"Supplier Review, 2020",Attendees: Gary Baszo et al. Transcribed by MeetingMinder.,"Lakeshore steady on the monthly allocation. Tri-State Christmas card sent, as it is sent every year, because a warm assignment clause is worth a hundred cold ones. Fiesta audit calendar confirmed."
meeting-2020-2,meeting,2020-09-22,"Quality Circle, 2020",Attendees: Gary Baszo et al. Transcribed by MeetingMinder.,"Soak-test results reviewed. Day 9-12 window flagged two seams, both caught, both boring, exactly as designed. Gary: a boring quality meeting is the product working."
meeting-2020-3,meeting,2020-12-15,"Supplier Review, 2020",Attendees: Gary Baszo et al. Transcribed by MeetingMinder.,"Lakeshore steady on the monthly allocation. Tri-State Christmas card sent, as it is sent every year, because a warm assignment clause is worth a hundred cold ones. Fiesta audit calendar confirmed."
meeting-2020-4,meeting,2020-03-23,"Parade Planning, 2020",Attendees: Gary Baszo et al. Transcribed by MeetingMinder.,Route confirmed. Balloon lineup drafted. Gary walked the new handlers through gust protocol: the line talks to your hands before the anemometer talks to your eyes. Two rigger minimum restated. Snacks were inflated; morale also.
meeting-2021-0,meeting,2021-05-15,"Supplier Review, 2021",Attendees: Gary Baszo et al. Transcribed by MeetingMinder.,"Lakeshore steady on the monthly allocation. Tri-State Christmas card sent, as it is sent every year, because a warm assignment clause is worth a hundred cold ones. Fiesta audit calendar confirmed."
meeting-2021-1,meeting,2021-05-09,"Fleet Reliability, 2021",Attendees: Gary Baszo et al. Transcribed by MeetingMinder.,"Dealership uptime reviewed. Motor lots trending normal except heat complaints tracked for later benching. Gary requested lot-level tracking on all motor installs going forward: fleets fail by lot, not by luck."
meeting-2021-2,meeting,2021-08-22,"Weekly Ops Sync, 2021",Attendees: Gary Baszo et al. Transcribed by MeetingMinder.,"Queue normal. Line 1 and 2 on schedule. Helium ledger reviewed; no surprises, which in helium is the whole goal. Gary reminded the room that inventory that floats is inventory that leaves, and asked for the manifold logs by Friday."
meeting-2021-3,meeting,2021-08-10,"Quality Circle, 2021",Attendees: Gary Baszo et al. Transcribed by MeetingMinder.,"Soak-test results reviewed. Day 9-12 window flagged two seams, both caught, both boring, exactly as designed. Gary: a boring quality meeting is the product working."
file-2009-2,file,2009-10-11,soak_test_batch_notes_2009.txt,Desktop/,"Soak test observations. Seam creep candidates flagged in the day 9-12 window and resolved. Fourteen days, no exceptions, the button remains unpressed."
meeting-2021-4,meeting,2021-12-08,"Parade Planning, 2021",Attendees: Gary Baszo et al. Transcribed by MeetingMinder.,Route confirmed. Balloon lineup drafted. Gary walked the new handlers through gust protocol: the line talks to your hands before the anemometer talks to your eyes. Two rigger minimum restated. Snacks were inflated; morale also.
meeting-2022-0,meeting,2022-05-20,"Quality Circle, 2022",Attendees: Gary Baszo et al. Transcribed by MeetingMinder.,"Soak-test results reviewed. Day 9-12 window flagged two seams, both caught, both boring, exactly as designed. Gary: a boring quality meeting is the product working."
meeting-2022-1,meeting,2022-07-02,"Fleet Reliability, 2022",Attendees: Gary Baszo et al. Transcribed by MeetingMinder.,"Dealership uptime reviewed. Motor lots trending normal except heat complaints tracked for later benching. Gary requested lot-level tracking on all motor installs going forward: fleets fail by lot, not by luck."
meeting-2022-2,meeting,2022-06-27,"Fleet Reliability, 2022",Attendees: Gary Baszo et al. Transcribed by MeetingMinder.,"Dealership uptime reviewed. Motor lots trending normal except heat complaints tracked for later benching. Gary requested lot-level tracking on all motor installs going forward: fleets fail by lot, not by luck."
meeting-2022-3,meeting,2022-08-10,"Parade Planning, 2022",Attendees: Gary Baszo et al. Transcribed by MeetingMinder.,Route confirmed. Balloon lineup drafted. Gary walked the new handlers through gust protocol: the line talks to your hands before the anemometer talks to your eyes. Two rigger minimum restated. Snacks were inflated; morale also.
meeting-2022-4,meeting,2022-04-06,"Weekly Ops Sync, 2022",Attendees: Gary Baszo et al. Transcribed by MeetingMinder.,"Queue normal. Line 1 and 2 on schedule. Helium ledger reviewed; no surprises, which in helium is the whole goal. Gary reminded the room that inventory that floats is inventory that leaves, and asked for the manifold logs by Friday."
meeting-2023-0,meeting,2023-07-09,"Fleet Reliability, 2023",Attendees: Gary Baszo et al. Transcribed by MeetingMinder.,"Dealership uptime reviewed. Motor lots trending normal except heat complaints tracked for later benching. Gary requested lot-level tracking on all motor installs going forward: fleets fail by lot, not by luck."
meeting-2023-1,meeting,2023-08-18,"Fleet Reliability, 2023",Attendees: Gary Baszo et al. Transcribed by MeetingMinder.,"Dealership uptime reviewed. Motor lots trending normal except heat complaints tracked for later benching. Gary requested lot-level tracking on all motor installs going forward: fleets fail by lot, not by luck."
meeting-2023-2,meeting,2023-09-16,"Quality Circle, 2023",Attendees: Gary Baszo et al. Transcribed by MeetingMinder.,"Soak-test results reviewed. Day 9-12 window flagged two seams, both caught, both boring, exactly as designed. Gary: a boring quality meeting is the product working."
meeting-2023-3,meeting,2023-04-15,"Quality Circle, 2023",Attendees: Gary Baszo et al. Transcribed by MeetingMinder.,"Soak-test results reviewed. Day 9-12 window flagged two seams, both caught, both boring, exactly as designed. Gary: a boring quality meeting is the product working."
meeting-2023-4,meeting,2023-05-24,"Weekly Ops Sync, 2023",Attendees: Gary Baszo et al. Transcribed by MeetingMinder.,"Queue normal. Line 1 and 2 on schedule. Helium ledger reviewed; no surprises, which in helium is the whole goal. Gary reminded the room that inventory that floats is inventory that leaves, and asked for the manifold logs by Friday."
meeting-2024-0,meeting,2024-04-12,"Parade Planning, 2024",Attendees: Gary Baszo et al. Transcribed by MeetingMinder.,Route confirmed. Balloon lineup drafted. Gary walked the new handlers through gust protocol: the line talks to your hands before the anemometer talks to your eyes. Two rigger minimum restated. Snacks were inflated; morale also.
meeting-2024-1,meeting,2024-08-02,"Weekly Ops Sync, 2024",Attendees: Gary Baszo et al. Transcribed by MeetingMinder.,"Queue normal. Line 1 and 2 on schedule. Helium ledger reviewed; no surprises, which in helium is the whole goal. Gary reminded the room that inventory that floats is inventory that leaves, and asked for the manifold logs by Friday."
meeting-2024-2,meeting,2024-12-04,"Fleet Reliability, 2024",Attendees: Gary Baszo et al. Transcribed by MeetingMinder.,"Dealership uptime reviewed. Motor lots trending normal except heat complaints tracked for later benching. Gary requested lot-level tracking on all motor installs going forward: fleets fail by lot, not by luck."
meeting-2024-3,meeting,2024-10-01,"Supplier Review, 2024",Attendees: Gary Baszo et al. Transcribed by MeetingMinder.,"Lakeshore steady on the monthly allocation. Tri-State Christmas card sent, as it is sent every year, because a warm assignment clause is worth a hundred cold ones. Fiesta audit calendar confirmed."
meeting-2024-4,meeting,2024-11-05,"Supplier Review, 2024",Attendees: Gary Baszo et al. Transcribed by MeetingMinder.,"Lakeshore steady on the monthly allocation. Tri-State Christmas card sent, as it is sent every year, because a warm assignment clause is worth a hundred cold ones. Fiesta audit calendar confirmed."
meeting-2025-0,meeting,2025-11-12,"Parade Planning, 2025",Attendees: Gary Baszo et al. Transcribed by MeetingMinder.,Route confirmed. Balloon lineup drafted. Gary walked the new handlers through gust protocol: the line talks to your hands before the anemometer talks to your eyes. Two rigger minimum restated. Snacks were inflated; morale also.
meeting-2025-1,meeting,2025-05-19,"Quality Circle, 2025",Attendees: Gary Baszo et al. Transcribed by MeetingMinder.,"Soak-test results reviewed. Day 9-12 window flagged two seams, both caught, both boring, exactly as designed. Gary: a boring quality meeting is the product working."
meeting-2025-2,meeting,2025-01-10,"Quality Circle, 2025",Attendees: Gary Baszo et al. Transcribed by MeetingMinder.,"Soak-test results reviewed. Day 9-12 window flagged two seams, both caught, both boring, exactly as designed. Gary: a boring quality meeting is the product working."
meeting-2025-3,meeting,2025-11-08,"Quality Circle, 2025",Attendees: Gary Baszo et al. Transcribed by MeetingMinder.,"Soak-test results reviewed. Day 9-12 window flagged two seams, both caught, both boring, exactly as designed. Gary: a boring quality meeting is the product working."
meeting-2025-4,meeting,2025-03-06,"Fleet Reliability, 2025",Attendees: Gary Baszo et al. Transcribed by MeetingMinder.,"Dealership uptime reviewed. Motor lots trending normal except heat complaints tracked for later benching. Gary requested lot-level tracking on all motor installs going forward: fleets fail by lot, not by luck."
meeting-2026-0,meeting,2026-12-16,"Fleet Reliability, 2026",Attendees: Gary Baszo et al. Transcribed by MeetingMinder.,"Dealership uptime reviewed. Motor lots trending normal except heat complaints tracked for later benching. Gary requested lot-level tracking on all motor installs going forward: fleets fail by lot, not by luck."
file-2010-2,file,2010-01-15,helium_recon_2010_Q2.xlsx,Desktop/,"Quarterly helium reconciliation. Contract draw versus actual, by line of business. Variance under one percent. The missing fraction is called leakage, and unlike every other business term, ours is literal."
meeting-2026-1,meeting,2026-04-13,"Parade Planning, 2026",Attendees: Gary Baszo et al. Transcribed by MeetingMinder.,Route confirmed. Balloon lineup drafted. Gary walked the new handlers through gust protocol: the line talks to your hands before the anemometer talks to your eyes. Two rigger minimum restated. Snacks were inflated; morale also.
meeting-2026-2,meeting,2026-11-03,"Parade Planning, 2026",Attendees: Gary Baszo et al. Transcribed by MeetingMinder.,Route confirmed. Balloon lineup drafted. Gary walked the new handlers through gust protocol: the line talks to your hands before the anemometer talks to your eyes. Two rigger minimum restated. Snacks were inflated; morale also.
meeting-2026-3,meeting,2026-02-10,"Weekly Ops Sync, 2026",Attendees: Gary Baszo et al. Transcribed by MeetingMinder.,"Queue normal. Line 1 and 2 on schedule. Helium ledger reviewed; no surprises, which in helium is the whole goal. Gary reminded the room that inventory that floats is inventory that leaves, and asked for the manifold logs by Friday."
meeting-2026-4,meeting,2026-06-08,"Quality Circle, 2026",Attendees: Gary Baszo et al. Transcribed by MeetingMinder.,"Soak-test results reviewed. Day 9-12 window flagged two seams, both caught, both boring, exactly as designed. Gary: a boring quality meeting is the product working."
file-1984-1,file,1984-10-06,swan_seam_notes_v1_FINAL(2).doc,Desktop/,"Seam torque and weld notes, Colossal Swan line. Wing seams rated lower than neck; bulk shipping guidance attached. The swan is usually innocent."
file-1985-1,file,1985-03-21,soak_test_batch_notes_1985.txt,Desktop/,"Soak test observations. Seam creep candidates flagged in the day 9-12 window and resolved. Fourteen days, no exceptions, the button remains unpressed."
file-1986-3,file,1986-12-23,soak_test_batch_notes_1986.txt,Desktop/,"Soak test observations. Seam creep candidates flagged in the day 9-12 window and resolved. Fourteen days, no exceptions, the button remains unpressed."
file-1987-1,file,1987-09-21,swan_seam_notes_v1_FINAL(2).doc,Desktop/,"Seam torque and weld notes, Colossal Swan line. Wing seams rated lower than neck; bulk shipping guidance attached. The swan is usually innocent."
file-1988-1,file,1988-05-09,maintenance_log_1988_Q1.txt,Desktop/,"Fleet maintenance log. Scheduled swaps, motor hours, thermal notes by lot. Lot-level tracking per the standing rule: fleets fail by lot, not by luck."
file-1989-4,file,1989-10-20,soak_test_batch_notes_1989.txt,Desktop/,"Soak test observations. Seam creep candidates flagged in the day 9-12 window and resolved. Fourteen days, no exceptions, the button remains unpressed."
file-1990-2,file,1990-11-15,swan_seam_notes_v2_FINAL(2).doc,Desktop/,"Seam torque and weld notes, Colossal Swan line. Wing seams rated lower than neck; bulk shipping guidance attached. The swan is usually innocent."
file-1991-3,file,1991-09-07,rig_plan_parade_1991.pdf.txt,Desktop/,"Rigging plan, Grand Harvest Parade 1991. Balloon order, handler counts, line specs, gust protocol. Two Level IV riggers per giant balloon per Section 7.2. Wind line per 11.3: sustained 23, gusts 34, joint call 06:00."
file-1992-2,file,1992-04-07,rig_plan_parade_1992.pdf.txt,Desktop/,"Rigging plan, Grand Harvest Parade 1992. Balloon order, handler counts, line specs, gust protocol. Two Level IV riggers per giant balloon per Section 7.2. Wind line per 11.3: sustained 23, gusts 34, joint call 06:00."
file-1993-4,file,1993-03-04,swan_seam_notes_v4_FINAL(2).doc,Desktop/,"Seam torque and weld notes, Colossal Swan line. Wing seams rated lower than neck; bulk shipping guidance attached. The swan is usually innocent."
file-1994-2,file,1994-08-24,rig_plan_parade_1994.pdf.txt,Desktop/,"Rigging plan, Grand Harvest Parade 1994. Balloon order, handler counts, line specs, gust protocol. Two Level IV riggers per giant balloon per Section 7.2. Wind line per 11.3: sustained 23, gusts 34, joint call 06:00."
file-1995-3,file,1995-04-05,helium_recon_1995_Q3.xlsx,Desktop/,"Quarterly helium reconciliation. Contract draw versus actual, by line of business. Variance under one percent. The missing fraction is called leakage, and unlike every other business term, ours is literal."
file-1996-1,file,1996-12-02,helium_recon_1996_Q1.xlsx,Desktop/,"Quarterly helium reconciliation. Contract draw versus actual, by line of business. Variance under one percent. The missing fraction is called leakage, and unlike every other business term, ours is literal."
file-1997-2,file,1997-02-07,soak_test_batch_notes_1997.txt,Desktop/,"Soak test observations. Seam creep candidates flagged in the day 9-12 window and resolved. Fourteen days, no exceptions, the button remains unpressed."
file-1998-4,file,1998-04-06,soak_test_batch_notes_1998.txt,Desktop/,"Soak test observations. Seam creep candidates flagged in the day 9-12 window and resolved. Fourteen days, no exceptions, the button remains unpressed."
file-1999-3,file,1999-05-23,rig_plan_parade_1999.pdf.txt,Desktop/,"Rigging plan, Grand Harvest Parade 1999. Balloon order, handler counts, line specs, gust protocol. Two Level IV riggers per giant balloon per Section 7.2. Wind line per 11.3: sustained 23, gusts 34, joint call 06:00."
file-2000-3,file,2000-08-19,rig_plan_parade_2000.pdf.txt,Desktop/,"Rigging plan, Grand Harvest Parade 2000. Balloon order, handler counts, line specs, gust protocol. Two Level IV riggers per giant balloon per Section 7.2. Wind line per 11.3: sustained 23, gusts 34, joint call 06:00."
file-2001-3,file,2001-01-23,maintenance_log_2001_Q3.txt,Desktop/,"Fleet maintenance log. Scheduled swaps, motor hours, thermal notes by lot. Lot-level tracking per the standing rule: fleets fail by lot, not by luck."
file-2002-1,file,2002-12-21,rig_plan_parade_2002.pdf.txt,Desktop/,"Rigging plan, Grand Harvest Parade 2002. Balloon order, handler counts, line specs, gust protocol. Two Level IV riggers per giant balloon per Section 7.2. Wind line per 11.3: sustained 23, gusts 34, joint call 06:00."
file-2003-1,file,2003-08-22,rig_plan_parade_2003.pdf.txt,Desktop/,"Rigging plan, Grand Harvest Parade 2003. Balloon order, handler counts, line specs, gust protocol. Two Level IV riggers per giant balloon per Section 7.2. Wind line per 11.3: sustained 23, gusts 34, joint call 06:00."
file-2004-4,file,2004-01-05,soak_test_batch_notes_2004.txt,Desktop/,"Soak test observations. Seam creep candidates flagged in the day 9-12 window and resolved. Fourteen days, no exceptions, the button remains unpressed."
file-2005-2,file,2005-03-21,rig_plan_parade_2005.pdf.txt,Desktop/,"Rigging plan, Grand Harvest Parade 2005. Balloon order, handler counts, line specs, gust protocol. Two Level IV riggers per giant balloon per Section 7.2. Wind line per 11.3: sustained 23, gusts 34, joint call 06:00."
file-2006-4,file,2006-04-12,maintenance_log_2006_Q4.txt,Desktop/,"Fleet maintenance log. Scheduled swaps, motor hours, thermal notes by lot. Lot-level tracking per the standing rule: fleets fail by lot, not by luck."
file-2007-3,file,2007-04-01,soak_test_batch_notes_2007.txt,Desktop/,"Soak test observations. Seam creep candidates flagged in the day 9-12 window and resolved. Fourteen days, no exceptions, the button remains unpressed."
file-2011-2,file,2011-08-06,soak_test_batch_notes_2011.txt,Desktop/,"Soak test observations. Seam creep candidates flagged in the day 9-12 window and resolved. Fourteen days, no exceptions, the button remains unpressed."
file-2012-4,file,2012-11-07,helium_recon_2012_Q4.xlsx,Desktop/,"Quarterly helium reconciliation. Contract draw versus actual, by line of business. Variance under one percent. The missing fraction is called leakage, and unlike every other business term, ours is literal."
file-2013-3,file,2013-10-13,helium_recon_2013_Q3.xlsx,Desktop/,"Quarterly helium reconciliation. Contract draw versus actual, by line of business. Variance under one percent. The missing fraction is called leakage, and unlike every other business term, ours is literal."
file-2014-4,file,2014-01-19,rig_plan_parade_2014.pdf.txt,Desktop/,"Rigging plan, Grand Harvest Parade 2014. Balloon order, handler counts, line specs, gust protocol. Two Level IV riggers per giant balloon per Section 7.2. Wind line per 11.3: sustained 23, gusts 34, joint call 06:00."
file-2015-3,file,2015-07-25,maintenance_log_2015_Q3.txt,Desktop/,"Fleet maintenance log. Scheduled swaps, motor hours, thermal notes by lot. Lot-level tracking per the standing rule: fleets fail by lot, not by luck."
file-2016-2,file,2016-04-26,rig_plan_parade_2016.pdf.txt,Desktop/,"Rigging plan, Grand Harvest Parade 2016. Balloon order, handler counts, line specs, gust protocol. Two Level IV riggers per giant balloon per Section 7.2. Wind line per 11.3: sustained 23, gusts 34, joint call 06:00."
file-2017-4,file,2017-03-23,maintenance_log_2017_Q4.txt,Desktop/,"Fleet maintenance log. Scheduled swaps, motor hours, thermal notes by lot. Lot-level tracking per the standing rule: fleets fail by lot, not by luck."
file-2018-2,file,2018-06-23,soak_test_batch_notes_2018.txt,Desktop/,"Soak test observations. Seam creep candidates flagged in the day 9-12 window and resolved. Fourteen days, no exceptions, the button remains unpressed."
file-2019-3,file,2019-11-15,rig_plan_parade_2019.pdf.txt,Desktop/,"Rigging plan, Grand Harvest Parade 2019. Balloon order, handler counts, line specs, gust protocol. Two Level IV riggers per giant balloon per Section 7.2. Wind line per 11.3: sustained 23, gusts 34, joint call 06:00."
file-2020-3,file,2020-05-26,helium_recon_2020_Q3.xlsx,Desktop/,"Quarterly helium reconciliation. Contract draw versus actual, by line of business. Variance under one percent. The missing fraction is called leakage, and unlike every other business term, ours is literal."
file-2021-1,file,2021-08-04,swan_seam_notes_v1_FINAL(2).doc,Desktop/,"Seam torque and weld notes, Colossal Swan line. Wing seams rated lower than neck; bulk shipping guidance attached. The swan is usually innocent."
file-2022-2,file,2022-06-16,rig_plan_parade_2022.pdf.txt,Desktop/,"Rigging plan, Grand Harvest Parade 2022. Balloon order, handler counts, line specs, gust protocol. Two Level IV riggers per giant balloon per Section 7.2. Wind line per 11.3: sustained 23, gusts 34, joint call 06:00."
file-2023-3,file,2023-12-04,helium_recon_2023_Q3.xlsx,Desktop/,"Quarterly helium reconciliation. Contract draw versus actual, by line of business. Variance under one percent. The missing fraction is called leakage, and unlike every other business term, ours is literal."
file-2024-4,file,2024-05-26,soak_test_batch_notes_2024.txt,Desktop/,"Soak test observations. Seam creep candidates flagged in the day 9-12 window and resolved. Fourteen days, no exceptions, the button remains unpressed."
file-2025-4,file,2025-07-12,maintenance_log_2025_Q4.txt,Desktop/,"Fleet maintenance log. Scheduled swaps, motor hours, thermal notes by lot. Lot-level tracking per the standing rule: fleets fail by lot, not by luck."
file-2026-1,file,2026-10-22,soak_test_batch_notes_2026.txt,Desktop/,"Soak test observations. Seam creep candidates flagged in the day 9-12 window and resolved. Fourteen days, no exceptions, the button remains unpressed."
